,0,1,2,3,4,5,6,7,8,9
C_count,0.013877250270214423,0.013069951676000752,0.00595283277213402,0.02663280430946587,0.02160648297962134,0.027705872167968243,0.04121506356415172,0.008943841923112834,0.15360592803363776,0.030283743942361403
N_count,0.04466267787422325,0.02740938293496064,0.02892591256028319,0.015223165435074197,0.025190120787452537,0.014992808192884937,0.010686970654030124,0.009191658987217988,0.04767560613470277,0.020037740612783916
O_count,0.005397532041769227,0.0014562373169232565,0.0014945308730611902,0.0015158220894516013,0.002052325895905056,0.0020791831258266005,0.007415934765187332,0.0005898617365263526,0.008054294249286088,0.0016077825791643414
F_count,0.0,0.0,0.0,0.0,0.0,0.0,0.0,0.0,0.0,0.0
P_count,0.00019120622117115756,0.0018716304435757774,0.00015768986576219254,0.00020316023467634558,0.0010528619690349256,0.007298582173227023,0.0005522586673699069,7.162305260661818e-19,0.01153668361352872,0.0009189562782609638
ALERTS,0.5393462344998452,0.0040595531009286374,0.011540345062839132,0.018607477607373375,0.004803861333320257,0.01631578663670536,0.021373204115874473,0.008529504045078176,0.02920228055224457,0.005101059774498327
CSP3,0.05963368897251465,0.18510729670259865,0.22765370128235585,0.06968383883297662,0.2775216156124858,0.5363453199852755,0.0799689089515726,0.23575935663536082,0.04318493992826463,0.3790033516394957
MinEStateIndex,0.06019900928475626,0.05839521740708825,0.02515534692060869,0.1404094196856341,0.02906339503128678,0.09886282326248699,0.14122218425020883,0.058183881403299886,0.3817946277923333,0.05828597563167593
MaxAbsEStateIndex,0.07865777816007921,0.05404273854098703,0.1839556164419001,0.5321404848446718,0.10085535691607801,0.09765569442309413,0.22420780796571488,0.07240228510342207,0.07848776426516464,0.1811662414809253
MinAbsEStateIndex,0.09203385825643055,0.04582545554986392,0.08331674274558529,0.41825394842765745,0.04288772125474338,0.12073583782157331,0.215663297525797,0.18323662704947521,0.09040018487635393,0.0612807129870078
qed,0.20867184207319364,0.35432814283612024,0.24324566631782604,0.2390183225581312,0.18250502099845195,0.26757737879041,0.2701953710095014,0.2088565490416404,0.11350772260548164,0.2255094401221356
MolWt,0.02379086761414333,0.005922786542088765,0.014283713071958705,0.014555484075446788,0.01754364844422832,0.0202438064585011,0.04631237258455466,0.020914475618741928,0.020422854403564557,0.01373921094326818
HeavyAtomMolWt,0.03265732366848751,0.015606879885279193,0.020770006010003512,0.04092526080358465,0.04406336950821928,0.0422377892804151,0.022217206546030363,0.023921353489728066,0.02054349336925222,0.01750344236340328
ExactMolWt,0.0226563690470062,0.014138055365496456,0.008880560132879146,0.03190492859797143,0.02707322590739537,0.03216181169286947,0.019804304758465775,0.02686155549545538,0.01696609648598693,0.05430765906285348
NumValenceElectrons,0.05265039770525759,0.010279367023294666,0.013123893392303632,0.1090782321881559,0.031130866271055414,0.014207810354151562,0.027485622808434477,0.01478143181820072,0.030693020045882955,0.01578433653777768
MaxPartialCharge,0.456317897421093,0.10550159588939043,0.11752400061632522,0.18110279326736775,0.16088808244344233,0.06142832571409891,0.17609397634966606,0.12076097206172803,0.1848695011121955,0.15959529214813598
MinPartialCharge,0.32659109035077616,0.1393475044751147,0.16450388951612033,0.4929294864748775,0.10280686811753817,0.32132772579121116,0.11750537964756812,0.2330096660257695,0.4203730955675542,0.5344510974783316
MaxAbsPartialCharge,0.2469572452981342,0.08656162388902278,0.4811788984330047,0.1533823388398576,0.2109909508134642,0.331212609175256,0.22685547017255042,0.6197159289552884,0.6152686197419429,0.32743616514276763
MinAbsPartialCharge,1.324945616562511,0.12456795131525415,0.1536307840256385,0.19675216929145697,0.2538822383041013,0.5979675545759474,0.3573979407036556,0.16849685080172638,0.10719556009859521,0.15157959160539639
FpDensityMorgan1,0.1347416620334322,0.5479662022015991,0.6058057934733593,0.35176803723790645,0.1323281474379453,0.13705796946076768,0.38469015759406905,0.33452477953692406,0.32296953749402124,0.2927616954514511
FpDensityMorgan2,0.6900320695545569,0.6089536602372354,0.26514937904192387,0.332166861153802,0.5312475507034446,0.08114689248135085,0.19003950829263927,0.26500371649697996,0.6873233853619021,0.7507979410062011
FpDensityMorgan3,0.25886302266149314,0.2890015166384242,0.16140716698511112,0.20568716465534367,0.2512924780765183,0.15496922115533762,0.4757937926134259,0.10744256998804295,0.15575285749960394,0.3331908080952117
BCUT2D_MWHI,0.18344341821102841,0.3641802514338377,0.3198959025393023,0.2290603816404531,0.5561484931793514,0.41157742154614435,0.2013827274419146,0.28517308053041907,1.4549974162818675,0.37044243213422645
BCUT2D_MWLOW,0.19171631564801422,0.32601953692116314,0.31940487658476874,0.19611725583408207,0.20610394776323865,0.33462626667042544,0.25975358827265027,0.1682883431730276,0.17165363009777324,0.3500052645090051
BCUT2D_CHGHI,0.22007940032159823,0.033606408544832427,0.07615034669759112,0.05568462079515233,0.19635830547907146,0.9015176392311327,0.090468810646085,0.045484740696545144,1.020490518087137,0.11154060279352032
BCUT2D_CHGLO,0.056708908404754864,0.10877218057686618,0.0693260012746098,0.028921962723848536,0.18866931570637832,0.06666706034768527,0.19736903294026006,0.0913761377375486,0.06736371034617539,0.23600943205956035
BCUT2D_LOGPHI,0.10743076656179691,0.020651950746194414,0.026107665836094408,0.03882636125657091,0.04857977704530528,0.03339541469465509,0.2703572510039902,0.05632351445890563,0.5164332206642808,0.10383319712186255
BCUT2D_LOGPLOW,0.07218084436392731,0.1516049933355926,0.12056610077104225,0.107930471982868,0.10470796719326933,0.07731250169530708,0.0897854285042452,0.15113012845273135,0.13898078134137457,0.36670260543162936
BCUT2D_MRHI,0.2333849634060794,0.07976935829568942,0.0795685029735829,0.15590949124657025,0.06872874733263343,0.14053150303247813,0.19599030710957882,0.08156361029324755,0.35226624077630103,0.1794549773096405
BCUT2D_MRLOW,0.5164483596678804,0.9166716672056955,3.1304607056325504,0.6621093984569681,0.8655803376824858,0.5732972312222847,0.704881242400968,0.6228453233703269,1.6195446469485868,0.3798481738569696
BalabanJ,0.09162255831942591,0.15348706127682582,0.08011307526537265,0.08048752440276508,0.06997607714245208,0.21885107374765558,0.09157381166631288,0.12562211068194173,0.683700518453825,0.18399543535393723
BertzCT,0.0917938618537586,0.23345504011088097,0.06533139719230141,0.1569846998757822,0.12965013422985017,0.3338891335087879,0.12781689233582325,0.09090820841206367,0.1528793025532206,0.16708998026493146
Chi0,0.06446700898172719,0.02852967945991506,0.03765367730052994,0.05224430123220532,0.027989511209750892,0.016323987312378718,0.01716990276046748,0.03428374685347713,0.022771280892234482,0.012093789267531931
Chi0n,0.03407444483838575,0.016340761745349815,0.021361809630390107,0.05153486589204766,0.026180707259433958,0.046657437076577934,0.036254759042032486,0.02166362310945208,0.08396034462841627,0.042380205415539995
Chi0v,0.06079485673308352,0.108224917416141,0.0654451479489152,0.15994799168888185,0.05935488620564563,0.02974933396814183,0.02432579284796868,0.017584876249157555,0.047766856495860543,0.03794443995202045
Chi1,0.056537906472531464,0.06576038053893374,0.013472219807301788,0.04818182285087672,0.05061498312750273,0.03919628996758475,0.04816370288327253,0.016802481452200528,0.03836449462880976,0.01569790807074013
Chi1n,0.053343867038368645,0.03449306347160545,0.05424159795484801,0.03076578537217932,0.06427310515578114,0.04910742128979429,0.07270234933473016,0.19345719992499114,0.020300467788255564,0.027448984485861742
Chi1v,0.03352105856363237,0.04139289531916451,0.052388879461898435,0.05213361500054025,0.098163803174486,0.05919188022645202,0.1142690055918099,0.196345789456842,0.0481625126138106,0.02665696453659039
Chi2n,0.04863959362641758,0.01616920255308244,0.019380758279590276,0.021571986600186815,0.12926328744005547,0.05393194204605202,0.043395054083657326,0.03172990326396594,0.10347160746262075,0.051489825353428886
Chi2v,0.03771605812962942,0.014394449714658456,0.09198516502215542,0.014231270555050917,0.03460319528506977,0.04020381701756471,0.8693860291818656,0.05077408753671626,0.058279341130646756,0.07679158627141904
Chi3n,0.38308530348567454,0.18848174752323021,0.12060955478759756,0.07036720691777301,0.9984770344731311,0.11400114447987994,0.1952861688116493,0.07831017029597856,0.20524370630525723,0.11330125212921073
Chi3v,0.11036549599899372,0.14410388360456217,0.07913947234165283,0.0777905265218289,0.08404652526529613,0.033680468839969176,0.12430186666213182,0.05216506985805972,0.06657483875931508,0.11725131203922681
Chi4n,0.0633489870237468,0.033179256525921366,0.06509427495345844,0.013507905081061677,0.06078926816822595,0.1302758395259381,0.20411681646746918,0.11413187074661192,0.04300785076287271,0.04580655364219647
Chi4v,0.04447735839022827,0.01775959871675515,0.06180966614725741,0.09100559376200111,0.062442233355042676,0.06542843065108829,0.046672791693361755,0.02613215587008381,0.09337261524161493,0.042025039612657994
HallKierAlpha,0.02351939175533074,0.009693615260173963,0.03802750279525669,0.020425674791254008,0.03383254167859486,0.10854605046808022,0.06040732682222931,0.054193681799687116,0.029984158415105506,0.021427966627172692
Ipc,0.011583968677780372,0.0029916982784204097,0.0018554556753398632,0.00268308482863456,0.025772165153594664,0.007466613144906445,0.008395704995995502,0.05317596298395038,0.028121557500034727,0.007163935409568745
Kappa1,0.019748995260042902,0.02017161439003238,0.007126889396511338,0.034284093646420696,0.07030522530941424,0.030350233212989897,0.03892963866769808,0.017033222197198772,0.03834043062213155,0.08442946622900338
Kappa2,0.1812370049589766,0.10464017918128461,0.18461351523914343,0.49429422188992495,0.081697867293976,0.17624347518741115,0.2678301946073408,0.06341106199672583,0.13604803026634787,0.048774813855957146
Kappa3,0.39235217239084524,0.20838609543218448,0.2235889897040377,0.8108327481743804,0.14447928833189544,0.1619385952782981,0.04937696306863364,0.05337854832379369,0.5052962966603634,0.2281838451870959
LabuteASA,0.024436284615076884,0.011145404027443203,0.02886545112105622,0.03683425293008191,0.015077181358456612,0.021557615914899176,0.022767413073292535,0.019409423703159165,0.027175612566663905,0.017780163368444724
PEOE_VSA1,0.06257095945569519,0.02704700312993784,0.04705810936688845,0.05763376021918806,0.005113006671829841,0.04206128107633242,0.0430299132662948,0.025106251920206057,0.034554301566995606,0.04256471356319853
PEOE_VSA10,0.12676114078007727,0.1846243327055739,0.3223970310422548,0.11460518885707066,0.053742318420116286,0.031626301671278605,0.04227589084495652,0.35698815613603835,0.051358765096125886,0.06514744760832962
PEOE_VSA11,0.005316964007678873,0.008325492178485867,0.01603440373008262,0.0029443020719530795,0.005875468686528282,0.007257279736700086,0.003931909744707155,0.012476719578401546,0.015162566786613605,0.08229788826952038
PEOE_VSA12,0.025779879023031152,0.013724332643386822,0.0038266563658741737,0.0021331587735995343,0.014499817977891707,0.010254171643556012,0.007649545362170982,0.013869936181086054,0.00543060495874512,0.013472545517412837
PEOE_VSA13,0.016397326648124887,0.012161664086101082,0.011675762381038639,0.023534844317053893,0.047046980499584286,0.026598862550581394,0.021551537453225286,0.02297864456296022,0.013175754284555231,0.015688921012583318
PEOE_VSA14,0.07762350596501914,0.009409819030426815,0.02900308536786213,0.010569247542707693,0.025602535157069634,0.015562833164409103,0.011809793772848406,0.002062244198565625,0.02413131976018684,0.020120074050323934
PEOE_VSA2,0.20717935382264752,0.006277816028282275,0.007867443434525575,0.011270904742494436,0.013460818320742647,0.0893938615152288,0.03549345831054346,0.010587657334576932,0.006537857167535346,0.004055957449549653
PEOE_VSA3,0.0496288005117008,0.0063232238362218585,0.02201876116742557,0.012669396019639068,0.0149661098263172,0.026718833177139686,0.01288792973497822,0.07830699128340741,0.016062967711066873,0.031094538066925085
PEOE_VSA4,0.0,0.0,0.0,0.0,0.0,0.0,0.0,0.0,0.0,0.0
PEOE_VSA5,0.003614579085511263,0.0,0.002636626792681671,0.0007104364701558827,0.0029929414669777545,0.0055851695717904805,0.0030951426929373103,0.0009497708701980757,0.011526526770381764,0.0005248259500213802
PEOE_VSA6,0.012792859731984388,0.020943949915817033,0.010585460437159406,0.03599254443440159,0.010563955201731423,0.034949692404053045,0.046279904437400196,0.029892293733086602,0.022760951196197445,0.0788466321894216
PEOE_VSA7,0.08125386142088709,0.07813958657814599,0.11270518849720657,0.03829048981422742,0.07668449541161092,0.09227903235693759,0.47240896023844164,0.15693255688466895,0.05463568371506689,0.11261612047127151
PEOE_VSA8,0.3360344099497614,0.14892768529220138,0.09521535303388083,0.15280299130875505,0.12806499137651048,0.12810111635784732,0.299968441930346,0.2447631035010512,0.14050863619368475,0.4755641966773812
PEOE_VSA9,0.13255420221868092,0.022721100997512605,0.06841646838257953,0.12540098611101239,0.12028907138282559,0.1482355723836256,0.11866596798372521,0.2366488997066415,0.07081947591615788,0.08236710443608701
SMR_VSA1,0.01909466841373613,0.008942216308938234,0.011045439262391469,0.08228949586234188,0.018969284563252375,0.02712805237416031,0.05616809965668975,0.015068341045944424,0.10886894059444091,0.022373514402233317
SMR_VSA10,0.09439236411677988,0.10038390829599633,0.12826895337696217,0.16617671250995525,0.24831523934345343,0.1024131466455651,0.1098977037201511,0.22064910941610202,0.22635261980395655,0.3777210137114606
SMR_VSA3,0.07709895939900209,0.015567582492505908,0.024529990054330344,0.013252559623395185,0.0756077050854695,0.1944111329329157,0.021702188215679968,0.019617680934357833,0.13496020485935475,0.04654087112836171
SMR_VSA4,0.024533112073785685,0.012305671221552027,0.012652611877638782,0.01845675412884012,0.021195623584244615,0.028230585193230427,0.042153248022072536,0.03764442969206128,0.03270739090460878,0.007626491488166606
SMR_VSA5,4.863832062763267,2.3346507691854157,1.3224716020783913,4.989266882835551,2.609070147595268,2.6377541403351126,1.9792544969428705,6.659782459637776,3.6831778450322483,3.813587465202393
SMR_VSA6,0.017973377574355253,0.021288145421294768,0.02357849709025471,0.24404167738722904,0.033444212516595,0.04903192525843867,0.018880640669628752,0.061277752024980696,0.05168585448435026,0.027010829667656333
SMR_VSA7,0.23395762063301107,0.03209696779856151,0.1278471046779475,0.0265181982960385,0.032280059825474806,0.2555856413862394,0.06239876934948754,0.040205869450418624,0.05019908122963316,0.033372929070978406
SMR_VSA9,0.03966995172545573,0.0063447558487975085,0.013845916703755456,0.029870191055660567,0.010099132899847653,0.02281615045946603,0.004789461303389516,0.01595124050437561,0.03411157957680608,0.043851831313784846
SlogP_VSA1,0.01964673365333601,0.030521020844227767,0.02978638656412837,0.10173510744012676,0.012361954043901021,0.04208584991405999,0.016581074010172902,0.045542779212713526,0.012552196143158412,0.019824272584014008
SlogP_VSA10,0.090720684879278,0.2847699740080342,0.11551276225956958,0.10698335803794914,0.3258070810543067,0.12403298137226557,0.07971010863322399,0.17354307371449798,0.1909741778487941,0.14594001903841405
SlogP_VSA11,0.010127288298097895,0.0009091345074427857,0.002186766254588465,0.005396078658591572,0.0011933825837874823,0.0030263829367487504,0.0031560540492006108,0.00015392605496740227,0.002310996316492851,0.007040191930826217
SlogP_VSA12,0.0001384196490138023,0.0005038931867572873,0.00365423826816188,0.000190371099891979,0.000979510761303555,0.0005907655313563744,0.0013786782464444629,3.9467218648760815e-06,0.017169953491111507,0.00036683371440485163
SlogP_VSA2,0.03970367690815505,0.00832719239824732,0.01635431439280221,0.03138337911959745,0.014869390345408934,0.030005874894281956,0.031202807298534925,0.018991753815448025,0.039203310604616765,0.03600625713249415
SlogP_VSA3,0.05911996137394659,0.02817415873637361,0.03276181173710836,0.16581179728620704,0.07821468040608985,0.12222248382886837,0.07162191057297981,0.4067918073216014,0.05589132921912366,0.1057467872431707
SlogP_VSA4,0.029968585429815953,0.01824173639350804,0.037187762554090044,0.050267443902275,0.017732896257477298,0.03553852665233481,0.04424930740977054,0.02845749908459421,0.05410548263691906,0.03174577429373006
SlogP_VSA5,13.512526840901065,9.074248433205529,5.970002152156342,6.167258755263329,10.230564827698542,10.018530005861304,9.267703227175108,8.33326257098787,6.315890977982671,5.886517479794961
SlogP_VSA6,0.13073036281294256,0.020510699195112617,0.1866475620894818,0.017595944957036803,0.08162863881051133,0.104130786313507,0.05839413534492851,0.012457282955953627,0.029524969246699118,0.11950855250780135
SlogP_VSA8,0.01311622427024138,0.0022600382016479126,0.011710456425253127,0.005669172341184497,0.019369895405157215,0.017876200169838683,0.006112180647705874,0.009392659259032484,0.0013337475840737585,0.07441496525725032
TPSA,0.041656978100844386,0.023208503871990922,0.027891356253256755,0.03187509845073601,0.017964071045329353,0.022289382287262266,0.06766742016486223,0.012877513339606916,0.03026613663803837,0.015142717893321623
EState_VSA1,0.0022600901319366254,0.00028308372305341006,0.0003353058804171725,0.0002757468973182223,0.0006641142380091209,0.00017431347831147286,0.0,0.0,0.0007248372302360825,0.002838900321471959
EState_VSA10,0.0,0.0,0.00013209716538830772,0.0,0.0,5.178279032766588e-20,0.0,0.0,0.0,0.0
EState_VSA11,0.0,0.0,0.0,0.0,0.0,0.0,0.0,0.0,0.0,0.0
EState_VSA2,0.031169601974498154,0.0074336936210661975,0.008054996666193326,0.02124372758153299,0.0143943795656493,0.022118050757637495,0.006447825895970922,0.046143725138696405,0.021780160584976296,0.017264912328616565
EState_VSA3,0.0033534217097671826,0.0001564839238208133,0.000310532004590134,0.0006635722487597577,0.003256015148564356,0.0050388625792306485,0.0016540459067142749,0.009551995896368112,0.004772734847189561,0.002218454396465329
EState_VSA4,0.01336973416108282,0.036183929951863855,0.07540573091008963,0.08175374352827895,0.02348941391537102,0.04270408059030251,0.04580764171703065,0.017761586335881648,0.028259792871857675,0.02374375447105013
EState_VSA5,0.15305920739779072,0.06398612945897246,0.16768918514173356,0.08304185574661889,0.043193103293755926,0.12463161352292337,0.21091260787930863,0.18126015772507142,0.43750745186606127,0.11647237285748491
EState_VSA6,0.10142699255460089,0.1606183769839742,0.007414518621394983,0.058502402180338774,0.20766084167555282,0.05351895579835285,0.35859653478295167,0.13620643051887402,0.004616321886961978,0.0368540729345965
EState_VSA7,0.18792419703916613,0.04872887996646984,0.12847385656730367,0.017584315949085567,0.3162779220931788,0.11782467246783233,0.1318466427373815,0.053658886796223944,0.3071555029851291,0.03804510447557311
EState_VSA8,0.18966699216629068,0.37214440757357053,0.5107614635328153,0.14298180485715484,0.20323382370484544,0.5218142426535872,0.10865978894780544,0.09187158935931594,0.06523839712280652,0.18701463926130346
EState_VSA9,0.010896754373462067,0.002341716796345684,0.000624950039170929,0.0020938966710309435,0.005548491808341142,0.00025901227509529564,0.0014253267827079405,0.009909507352676926,0.005450485208486929,0.0017265381479298811
VSA_EState1,0.33103270508942767,0.32970761915234076,0.07264972040121058,0.16367031989226716,0.47475353649369184,0.7044673937390449,0.20971431915942118,0.16980601531081904,0.3971836453444196,0.6362146200554591
VSA_EState2,0.1455088255528371,0.04949195919984951,0.011177980788760958,0.006474181217585928,0.05315812464317641,0.19626426795334018,0.15514805229226744,0.02759290488772885,0.054902137200114526,0.053440634493437125
VSA_EState3,0.0006490843235319328,0.00018047226982374645,0.0007180888141469245,0.001150517159265743,0.0008716547314289182,0.011564329012002505,0.0015817579397941757,1.5230390673891722e-05,0.00019793212729611113,0.002044530365818604
VSA_EState4,0.7726568363493538,0.14554755443234255,0.456037776819679,0.14446449829251554,0.17522732852413703,1.615723044873873,0.18803375087281862,0.08036540047093199,0.726323353749911,0.11806880024824402
VSA_EState5,0.09147563913204582,0.1940653147220019,0.056147610842031466,0.08663916107257667,0.2719070949312759,0.22111874254851216,0.1452143220498856,0.07451611631923179,0.28956720106986655,0.3251447588497878
VSA_EState6,0.027841076210262574,0.01352281219530873,0.031162527685794566,0.06191028334666856,0.05031342365570049,0.180337829595079,0.029253643692223115,0.046768633460770655,0.056800231449265375,0.07570319811794837
VSA_EState7,0.09455829523583265,0.09022800876573786,0.050066715590605285,0.11301188001279697,0.08879749766955364,0.06599724662314528,0.11448419208425774,0.08792148338209105,0.09562071652073495,0.18129312799001313
VSA_EState8,0.18392509928617098,0.033448066961344745,0.08361347656547331,0.047725000765590206,0.28955598753816286,0.10746717044307529,0.740966867243363,0.11698071254870522,2.2796026051616365,0.044289464092366754
VSA_EState9,0.08689264126385925,0.1035443091118271,0.1766515247009891,0.055314207407286924,0.057432641380864645,0.17193345266725787,0.1616095395500723,0.07911973559868234,0.17959646493391582,0.07929294274850346
FractionCSP3,0.07203858158963065,0.12991687551848052,0.29296204165478035,0.11053723401355146,0.28279855859691555,0.5056607648700524,0.05203352234784744,0.14365547592010783,0.04419275489964989,0.34015545708432665
HeavyAtomCount,0.008786283080046704,0.010468951617431308,0.01416548940280854,0.04446905288255538,0.015483584657913323,0.02265454079105179,0.03633265773360047,0.014358427843985349,0.02942331987791256,0.03079682914856613
NHOHCount,0.000212817205316655,0.0004979489102257058,1.9094566047638156e-06,6.824635856745232e-05,0.0008888929557851144,3.6331562261966578e-06,1.135962896961873e-05,0.0002215609190887827,7.953461758225002e-05,8.300682639414114e-06
NOCount,0.014578723256919463,0.010513972592996532,0.01052092136579137,0.008393952680759445,0.01147310563155028,0.005909959159800464,0.027873169810110947,0.009984966102700806,0.011443249684561233,0.013420761778797908
NumAliphaticCarbocycles,0.004520241956003785,2.8008311451123172e-05,0.004635407717184512,0.0,0.004817481424423771,0.0007671960882336216,0.0012674665416866618,0.002763253676513112,0.006640399656935692,0.00010390796399416967
NumAliphaticHeterocycles,0.020474462418563516,0.008605217499056834,0.010209282966651155,0.020716241625539422,0.18975364017861562,0.012383980526465981,0.012643662439329392,0.0071332277399172965,0.008264781003137614,0.02796380509957267
NumAliphaticRings,0.023568260843275856,0.0074751487249629465,0.01650573602140296,0.06610280631320906,0.05098515833123476,0.015734996492973705,0.02435031783922981,0.09446408422637383,0.038174928884572544,0.0608408197276129
NumAromaticCarbocycles,0.013054778334702113,0.01040663557112535,0.005312749452374827,0.007834944974847822,0.009674822622313726,0.006575072948248998,0.005541931235407291,0.003254759862450994,0.008827181913652643,0.007362820559638677
NumAromaticHeterocycles,0.0041713588214018354,0.0019693426542887423,0.0033181260171616755,0.00797970523097157,0.010938958887597007,0.016109903957228937,0.0037449922866747004,0.0028241691664706537,0.004523976748992094,0.007118315904358076
NumAromaticRings,0.008424842835351607,0.007719206248897679,0.006555487092383317,0.011136614324023684,0.011458184080572526,0.3140683243290592,0.009184924785834884,0.009148969044041647,0.004400052867407129,0.014520081009164076
NumHAcceptors,0.08261112894946138,0.012840902520780456,0.03163512807345229,0.010147536748481132,0.3120558453274615,0.04209499747845645,0.09998627371023398,0.02458462280052944,0.03895877857058418,0.016460884349754578
NumHDonors,4.4382702330833475e-06,0.00019172113608478236,7.593234811061098e-07,6.894104102666692e-06,6.564041757333765e-06,4.764421692841914e-05,0.0002561073226523044,0.0,0.0004941410220917846,2.8419717431245453e-06
NumHeteroatoms,0.03170853055889148,0.011879436617250716,0.008872791907527239,0.007597374201574127,0.02655475749296782,0.008182100592601832,0.008549443392868155,0.01769582312541954,0.024412473029141388,0.006748202751630422
NumRotatableBonds,0.08100654661147158,0.04963585438521197,0.02188230305286307,2.773572561883289,0.0272906375876373,0.24616615116601087,0.028176728390863083,0.06733164385139312,0.03709273432342432,0.08088580910180877
NumSaturatedCarbocycles,0.002992834987131953,0.00011854765000261021,6.190671223954692e-05,0.0034479427606333483,0.010235975658536121,0.005268236613259809,0.0016710678777161509,0.003662143398653169,0.00680655724181973,0.002870705020392242
NumSaturatedHeterocycles,0.021527113058535087,0.02054595078922762,0.00781741932334831,0.011770652035762141,0.08848208223751518,0.01741947157786252,0.011292485337807339,0.007853159778196244,0.010319610325737815,0.016265557721054
NumSaturatedRings,0.014550289975206158,0.007104033773660843,0.013223536523870011,0.04149121125609758,0.033365915394204464,0.010369127424686764,0.017554850550870766,0.08503706980066578,0.009372607887121786,0.06822247634212791
RingCount,0.02008081096533324,0.046593092208964806,0.031935512707135995,0.01137187529037366,0.014212328785552704,0.06790091390915201,0.018594814342160867,0.0346930431303909,0.03377603301476555,0.07054238864165385
MolLogP,0.09252076176407154,0.25747071479758665,0.08682684650538745,0.5096825766631932,0.1403588718176431,0.37132582819655646,0.9197408141935761,0.05955720772190162,0.2961728119624901,0.09362026215453036
MolMR,0.019709021536716692,0.025406911512119466,0.06662720417030903,0.09377488938216644,0.021447992732904132,0.031612947015463515,0.06284980420541143,0.047442528561162454,0.05942201277048397,0.02103676438326707
fr_Al_OH,0.0,0.00024200101461202265,0.0,0.0,4.5156016855653306e-05,0.0,0.0006255043643864382,9.529796750679578e-05,0.00019580069339936108,0.0
fr_Al_OH_noTert,0.00020958306304321908,0.0003676195549006441,0.0005381408136056371,0.00035290801830847906,2.2331328328805914e-19,0.0,0.0,0.0,0.00033421250930750206,9.503196314891884e-19
fr_Ar_N,0.03133063989616601,0.004492014517862228,0.017104073506037265,0.008947523241352402,0.014630906041911449,0.015730765150860956,0.013196245203746446,0.06806446968036887,0.007320123029135927,0.00364527848389167
fr_NH0,0.0904777852868121,0.010724066140604114,0.01419345841211695,0.01929679100365197,0.03407607878181875,0.022716828791318887,0.04003447840555794,0.006205767912309073,0.017998672082162655,0.00814840651181984
fr_NH1,6.139006325426841e-06,2.1732874924252552e-05,0.0008435518072171273,0.00012465825395973428,0.0,0.0002114105570387871,6.674989361806514e-06,9.328138656926226e-07,7.406487023791511e-07,6.3142393938851965e-06
fr_NH2,0.0,0.0,0.0,0.0,0.0,0.0,0.0,0.0,0.0,0.0
fr_N_O,0.0,0.0,0.0,0.0,0.0,0.0,0.0,0.0,0.0,0.0
fr_Ndealkylation1,0.003602555215524057,0.008304256598660773,0.002568363098486869,0.000576809616353697,0.0033762723755455426,0.006093649672560296,0.004625815279752176,0.0058567315901301275,0.00423797620083817,0.0016858983047348907
fr_Ndealkylation2,0.10972810713293026,0.055665147371031266,0.030026846281860767,0.02417593911312772,0.21631192150025622,0.12573620494341625,0.024940531685195513,0.04587847980407532,0.04646295570112105,0.06478899371281363
fr_alkyl_halide,0.0,0.0,0.0,0.0,0.0,0.0,0.0,0.0,0.0,0.0
fr_aniline,0.007297137185070282,0.06867090001734222,0.015703933723877992,0.02356317871964693,0.0,0.0158960052506786,0.00961760555223961,0.021399101330939394,0.01121418889079825,0.03228167793102919
fr_aryl_methyl,0.007592817498720495,0.03904304526139186,0.01845853854091002,0.015504336854719546,0.012910401182124647,0.011379332045551862,0.0205775555020767,0.018251389343588442,0.01594399557799891,0.053570915103989224
fr_benzene,0.010078430666059155,0.012919636582159454,0.009670238599942916,0.004952974002251088,0.010817048352961996,0.006904652574677205,0.009245444581143309,0.0091404331537779,0.005638779842500986,0.010987371953938617
fr_bicyclic,0.055808647453505014,0.24993386630036515,0.13006311821105654,0.12193516186888992,0.09384821806741436,0.03423955043836832,0.08687483363693219,0.07572227515682163,0.11094011274950666,0.41385406568793465
fr_ether,0.00931341679523054,0.0028837096694887474,0.0010438506127486721,0.0027588415594613745,0.002272268234025571,0.0015415963503346444,0.001291376699104633,0.0012000820278899235,0.0027756149578312744,0.0014960381228063095
fr_guanido,0.17253897896356765,0.01151286904847328,0.02495979670090828,0.00824141839195846,0.013689424861988018,0.030630459903060576,0.004299689133379779,0.0015902971742876193,0.0074558349080522425,0.004977119785965167
fr_halogen,0.0,0.0,0.0,0.0,0.0,0.0,0.0,0.0,0.0,0.0
fr_imidazole,0.027144974100564573,0.005907114835915164,0.014068511612410873,0.005310078184985571,0.02747921121947578,0.012348866571285552,0.010912775817694183,0.037699928867457724,0.006644942111008406,0.007267337952821408
fr_methoxy,0.006187620714626098,0.002249002104632514,0.00209001810756046,0.002872026903392833,0.0009783573209122163,0.010925422256927062,0.0026091006980725473,0.013716322514306796,0.005376915119811611,0.0026939315322837784
fr_morpholine,0.0,2.12794904002752e-19,0.0,0.0,0.0,5.2591896426535664e-20,0.00034824326697760537,0.0,2.4517753673251747e-19,3.112974419484895e-19
fr_nitro,0.0,0.0,0.0,0.0,0.0,0.0,0.0,0.0,0.0,0.0
fr_nitro_arom,0.0,1.9378091067931217e-19,0.0,0.0,0.0,3.7987531341936145e-19,0.0,0.0,0.0,4.7639186366787316e-20
fr_nitro_arom_nonortho,0.0,0.0,0.0,0.0,0.0,0.0,0.0,7.926174973094786e-20,0.0,0.0
fr_para_hydroxylation,0.06433812827998896,0.019402550936182393,0.06540020494264184,0.02169146315243702,0.06239533492455042,0.051936712258560815,0.010081074647203559,0.030060623792475052,0.29298565474961913,0.3515462009605213
fr_piperdine,0.010261317432418784,0.0038975430774921345,0.0339881451759154,0.018300947669912616,0.03006625292578488,0.013925773629298813,0.01241860767523921,0.005630986053819773,0.016619042566514974,0.015566150216861524
fr_piperzine,0.006347621249903721,0.002398047601691033,0.009822396451310098,0.0025180241163900033,0.004738369746126729,0.00933279067184149,0.004363160028226585,0.008063367838327373,0.003793536453266743,0.014213695701697164
fr_pyridine,0.0018891907243223595,0.0,0.003926435639529178,0.0012726987282425288,0.0008082483633365214,0.009940221205741204,0.019581483937637843,0.0016220699561652868,7.885580496333957e-05,0.00047323507522437997
fr_quatN,0.018640602396133847,0.01000323116948996,0.014014917217286862,0.00954986017980314,0.01620772363951568,0.025365181772132823,0.006719913550688752,0.008248937526606916,0.010557529972463977,0.011947559273173498
fr_unbrch_alkane,0.0044499056096732985,0.004875384577575831,0.06100281761931024,0.008322934059432576,0.008587850313805838,0.010746892252263553,0.003790374939329672,0.006743522765518923,0.0032690099014706445,0.044045936721048395
Concentration,4.995110617187368,5.332547186767965,5.295137341666019,5.420410926527335,4.143109424300645,4.831556812611101,5.130422740790169,6.012165252769849,3.2273177480061355,5.666731115950087
Temperature,0.18390270619356122,0.27754944307739926,0.08015149729194955,0.4417971079937606,0.3593896440466805,0.20218335581733693,0.39502164508852167,0.5077962454536541,0.4981888702326591,0.23531401026708526
Solvent(MeOD),1.8951136418983796,2.771718040336603,2.3776948939577154,2.177421795683069,2.3263328980436344,2.3840841629337888,3.1874945636328738,2.854528615982585,1.4447315243549452,2.7763753935678994
Solvent(D2O),2.144857015423542,2.299888422314304,1.8736422942044397,1.6351887174107402,2.1401850944331042,2.060368953620737,2.801591407623125,3.045565005896133,1.687908481885344,2.4069422953302704
Time(h),9.186356653605426,6.126808859626217,7.67615370620658,7.437212729465504,9.614190360185463,9.576607961800827,8.794995819046639,9.255422785937295,8.458188186671013,9.399373973593212
Pbf_mean,0.9461365913439356,2.7083578876603345,5.658424424157151,1.195788162322758,0.5652642541094535,0.8903568252586148,3.771672578937494,0.7094545859283186,0.5775854346528643,0.4675573655153684
NPR1_mean,1.1108318433970548,1.1348443855201862,0.8709517216692967,1.377826799311252,1.0242396284854192,0.9774276989244433,1.3730919425500863,0.3009640949531953,1.8092747104081481,0.7295987329244072
NPR2_mean,1.4272014757601301,1.6989711017983047,1.724130970529195,3.118983318204087,2.8205900938040536,2.412780695607378,1.6398453157568782,2.317382628742282,2.6923431524834256,4.310994616900962
